arch_idx,arch_str,nats_cifar10,fp32_acc,int8_acc,delta_pp,cratered
7208,|none~0|+|none~0|avg_pool_3x3~1|+|none~0|skip_connect~1|avg_pool_3x3~2|,10.0,0.1,0.1,0.0,1
13233,|none~0|+|avg_pool_3x3~0|nor_conv_1x1~1|+|none~0|none~1|none~2|,10.0,0.1,0.1,0.0,1
10322,|skip_connect~0|+|avg_pool_3x3~0|none~1|+|avg_pool_3x3~0|avg_pool_3x3~1|avg_pool_3x3~2|,56.49,0.339,0.3319,0.71,0
6893,|avg_pool_3x3~0|+|avg_pool_3x3~0|none~1|+|skip_connect~0|skip_connect~1|skip_connect~2|,61.21,0.3192,0.3204,-0.12,0
13201,|nor_conv_3x3~0|+|avg_pool_3x3~0|none~1|+|none~0|none~1|avg_pool_3x3~2|,68.82,0.5318,0.5298,0.2,0
4429,|none~0|+|avg_pool_3x3~0|nor_conv_1x1~1|+|avg_pool_3x3~0|nor_conv_3x3~1|skip_connect~2|,74.04,0.5281,0.5176,1.05,0
6242,|avg_pool_3x3~0|+|skip_connect~0|skip_connect~1|+|skip_connect~0|nor_conv_3x3~1|avg_pool_3x3~2|,74.77,0.5364,0.5247,1.17,0
1201,|none~0|+|skip_connect~0|avg_pool_3x3~1|+|none~0|nor_conv_1x1~1|avg_pool_3x3~2|,75.61,0.6023,0.6024,-0.01,0
12951,|nor_conv_3x3~0|+|avg_pool_3x3~0|none~1|+|avg_pool_3x3~0|none~1|none~2|,75.85,0.5953,0.5948,0.05,0
1284,|none~0|+|nor_conv_1x1~0|nor_conv_1x1~1|+|avg_pool_3x3~0|none~1|none~2|,76.45,0.5902,0.5887,0.15,0
7759,|skip_connect~0|+|skip_connect~0|nor_conv_1x1~1|+|skip_connect~0|avg_pool_3x3~1|skip_connect~2|,79.11,0.5672,0.5582,0.9,0
8652,|none~0|+|avg_pool_3x3~0|skip_connect~1|+|skip_connect~0|skip_connect~1|skip_connect~2|,79.61,0.5597,0.5575,0.22,0
12147,|avg_pool_3x3~0|+|nor_conv_1x1~0|nor_conv_1x1~1|+|none~0|nor_conv_1x1~1|none~2|,80.54,0.5822,0.5829,-0.07,0
7262,|skip_connect~0|+|avg_pool_3x3~0|none~1|+|avg_pool_3x3~0|avg_pool_3x3~1|nor_conv_1x1~2|,80.98,0.5508,0.545,0.58,0
5006,|avg_pool_3x3~0|+|none~0|nor_conv_1x1~1|+|avg_pool_3x3~0|none~1|nor_conv_1x1~2|,83.77,0.6648,0.6624,0.24,0
4919,|skip_connect~0|+|nor_conv_1x1~0|none~1|+|skip_connect~0|skip_connect~1|none~2|,84.25,0.6382,0.6349,0.33,0
9535,|avg_pool_3x3~0|+|none~0|nor_conv_1x1~1|+|none~0|nor_conv_3x3~1|skip_connect~2|,85.05,0.6189,0.6189,0.0,0
15512,|skip_connect~0|+|nor_conv_3x3~0|nor_conv_3x3~1|+|avg_pool_3x3~0|avg_pool_3x3~1|avg_pool_3x3~2|,85.78,0.6422,0.6374,0.48,0
14637,|none~0|+|nor_conv_1x1~0|nor_conv_3x3~1|+|avg_pool_3x3~0|none~1|avg_pool_3x3~2|,86.19,0.7185,0.7152,0.33,0
14483,|skip_connect~0|+|avg_pool_3x3~0|none~1|+|none~0|skip_connect~1|none~2|,86.25,0.7843,0.7834,0.09,0
5329,|avg_pool_3x3~0|+|skip_connect~0|avg_pool_3x3~1|+|nor_conv_1x1~0|nor_conv_3x3~1|avg_pool_3x3~2|,86.48,0.6813,0.6623,1.9,0
12876,|nor_conv_1x1~0|+|none~0|nor_conv_1x1~1|+|skip_connect~0|none~1|none~2|,86.59,0.7729,0.7728,0.01,0
11523,|nor_conv_1x1~0|+|skip_connect~0|avg_pool_3x3~1|+|avg_pool_3x3~0|avg_pool_3x3~1|none~2|,86.68,0.7239,0.7237,0.02,0
4337,|none~0|+|nor_conv_1x1~0|avg_pool_3x3~1|+|avg_pool_3x3~0|nor_conv_1x1~1|avg_pool_3x3~2|,86.87,0.7222,0.7186,0.36,0
926,|avg_pool_3x3~0|+|avg_pool_3x3~0|nor_conv_3x3~1|+|nor_conv_1x1~0|skip_connect~1|skip_connect~2|,87.12,0.6775,0.6692,0.83,0
5608,|avg_pool_3x3~0|+|skip_connect~0|none~1|+|skip_connect~0|avg_pool_3x3~1|nor_conv_3x3~2|,87.32,0.6703,0.6649,0.54,0
12185,|avg_pool_3x3~0|+|none~0|skip_connect~1|+|nor_conv_3x3~0|avg_pool_3x3~1|skip_connect~2|,87.51,0.6777,0.6687,0.9,0
7467,|avg_pool_3x3~0|+|nor_conv_3x3~0|avg_pool_3x3~1|+|skip_connect~0|avg_pool_3x3~1|nor_conv_1x1~2|,87.79,0.6842,0.6786,0.56,0
10991,|skip_connect~0|+|avg_pool_3x3~0|avg_pool_3x3~1|+|skip_connect~0|skip_connect~1|nor_conv_3x3~2|,87.94,0.6957,0.6866,0.91,0
7448,|avg_pool_3x3~0|+|skip_connect~0|nor_conv_3x3~1|+|nor_conv_1x1~0|none~1|none~2|,88.22,0.7686,0.7674,0.12,0
2309,|avg_pool_3x3~0|+|nor_conv_1x1~0|nor_conv_3x3~1|+|skip_connect~0|skip_connect~1|skip_connect~2|,88.42,0.6706,0.6592,1.14,0
7296,|avg_pool_3x3~0|+|nor_conv_1x1~0|nor_conv_3x3~1|+|none~0|skip_connect~1|avg_pool_3x3~2|,88.51,0.7247,0.7218,0.29,0
15475,|nor_conv_3x3~0|+|nor_conv_1x1~0|skip_connect~1|+|avg_pool_3x3~0|none~1|avg_pool_3x3~2|,88.55,0.7396,0.7354,0.42,0
7504,|nor_conv_3x3~0|+|none~0|avg_pool_3x3~1|+|none~0|none~1|skip_connect~2|,88.67,0.6977,0.6986,-0.09,0
10209,|skip_connect~0|+|avg_pool_3x3~0|skip_connect~1|+|nor_conv_1x1~0|none~1|none~2|,88.76,0.7799,0.7794,0.05,0
3260,|nor_conv_3x3~0|+|avg_pool_3x3~0|avg_pool_3x3~1|+|none~0|avg_pool_3x3~1|nor_conv_1x1~2|,88.8,0.6924,0.6906,0.18,0
9739,|skip_connect~0|+|skip_connect~0|avg_pool_3x3~1|+|avg_pool_3x3~0|nor_conv_1x1~1|none~2|,88.93,0.7586,0.7569,0.17,0
11897,|none~0|+|nor_conv_1x1~0|none~1|+|nor_conv_1x1~0|avg_pool_3x3~1|skip_connect~2|,88.95,0.7595,0.7594,0.01,0
9799,|skip_connect~0|+|none~0|skip_connect~1|+|none~0|avg_pool_3x3~1|nor_conv_1x1~2|,89.07,0.7493,0.7457,0.36,0
181,|skip_connect~0|+|nor_conv_1x1~0|skip_connect~1|+|nor_conv_1x1~0|none~1|nor_conv_1x1~2|,89.17,0.7666,0.7673,-0.07,0
7478,|nor_conv_1x1~0|+|skip_connect~0|nor_conv_1x1~1|+|none~0|skip_connect~1|nor_conv_1x1~2|,89.21,0.7552,0.7537,0.15,0
9329,|skip_connect~0|+|skip_connect~0|none~1|+|none~0|nor_conv_1x1~1|avg_pool_3x3~2|,89.26,0.7559,0.7532,0.27,0
2296,|none~0|+|none~0|nor_conv_1x1~1|+|nor_conv_1x1~0|nor_conv_1x1~1|none~2|,89.37,0.7675,0.7674,0.01,0
5651,|none~0|+|skip_connect~0|skip_connect~1|+|skip_connect~0|none~1|nor_conv_1x1~2|,89.54,0.8039,0.797,0.69,0
9357,|nor_conv_1x1~0|+|nor_conv_1x1~0|skip_connect~1|+|skip_connect~0|none~1|skip_connect~2|,89.58,0.8096,0.8076,0.2,0
12874,|nor_conv_1x1~0|+|none~0|avg_pool_3x3~1|+|nor_conv_1x1~0|avg_pool_3x3~1|skip_connect~2|,89.74,0.7343,0.7333,0.1,0
8349,|nor_conv_1x1~0|+|none~0|nor_conv_1x1~1|+|skip_connect~0|avg_pool_3x3~1|none~2|,89.79,0.806,0.8034,0.26,0
505,|none~0|+|skip_connect~0|nor_conv_1x1~1|+|skip_connect~0|nor_conv_1x1~1|nor_conv_1x1~2|,89.93,0.8035,0.8026,0.09,0
14044,|avg_pool_3x3~0|+|avg_pool_3x3~0|none~1|+|skip_connect~0|nor_conv_1x1~1|nor_conv_3x3~2|,90.01,0.8071,0.8036,0.35,0
8971,|none~0|+|avg_pool_3x3~0|avg_pool_3x3~1|+|nor_conv_3x3~0|nor_conv_3x3~1|avg_pool_3x3~2|,90.07,0.7485,0.747,0.15,0
8191,|skip_connect~0|+|none~0|nor_conv_1x1~1|+|nor_conv_1x1~0|nor_conv_1x1~1|avg_pool_3x3~2|,90.19,0.7912,0.7894,0.18,0
13219,|avg_pool_3x3~0|+|avg_pool_3x3~0|avg_pool_3x3~1|+|nor_conv_3x3~0|avg_pool_3x3~1|nor_conv_1x1~2|,90.37,0.729,0.7259,0.31,0
10145,|avg_pool_3x3~0|+|none~0|skip_connect~1|+|skip_connect~0|none~1|nor_conv_3x3~2|,90.42,0.8191,0.8179,0.12,0
8577,|nor_conv_1x1~0|+|nor_conv_1x1~0|avg_pool_3x3~1|+|nor_conv_1x1~0|none~1|nor_conv_1x1~2|,90.57,0.7593,0.7605,-0.12,0
7418,|nor_conv_3x3~0|+|none~0|nor_conv_3x3~1|+|avg_pool_3x3~0|skip_connect~1|none~2|,90.72,0.7745,0.7725,0.2,0
11909,|skip_connect~0|+|avg_pool_3x3~0|nor_conv_3x3~1|+|none~0|none~1|nor_conv_1x1~2|,90.84,0.76,0.7609,-0.09,0
5091,|none~0|+|nor_conv_3x3~0|skip_connect~1|+|avg_pool_3x3~0|nor_conv_3x3~1|skip_connect~2|,90.9,0.7952,0.791,0.42,0
8414,|avg_pool_3x3~0|+|nor_conv_1x1~0|nor_conv_1x1~1|+|nor_conv_3x3~0|skip_connect~1|avg_pool_3x3~2|,90.96,0.7676,0.7649,0.27,0
9714,|nor_conv_1x1~0|+|none~0|nor_conv_3x3~1|+|none~0|nor_conv_3x3~1|avg_pool_3x3~2|,91.07,0.7603,0.7583,0.2,0
9180,|nor_conv_1x1~0|+|nor_conv_3x3~0|nor_conv_1x1~1|+|avg_pool_3x3~0|nor_conv_3x3~1|avg_pool_3x3~2|,91.11,0.7715,0.772,-0.05,0
8340,|nor_conv_1x1~0|+|nor_conv_3x3~0|avg_pool_3x3~1|+|avg_pool_3x3~0|nor_conv_3x3~1|none~2|,91.2,0.7989,0.7976,0.13,0
5445,|none~0|+|nor_conv_3x3~0|avg_pool_3x3~1|+|avg_pool_3x3~0|avg_pool_3x3~1|skip_connect~2|,91.28,0.7862,0.7818,0.44,0
1580,|nor_conv_1x1~0|+|avg_pool_3x3~0|avg_pool_3x3~1|+|nor_conv_3x3~0|nor_conv_1x1~1|skip_connect~2|,91.32,0.7843,0.7809,0.34,0
7763,|none~0|+|avg_pool_3x3~0|nor_conv_3x3~1|+|nor_conv_1x1~0|none~1|nor_conv_3x3~2|,91.38,0.7977,0.7939,0.38,0
13739,|none~0|+|skip_connect~0|skip_connect~1|+|avg_pool_3x3~0|nor_conv_3x3~1|nor_conv_3x3~2|,91.43,0.7762,0.7737,0.25,0
621,|avg_pool_3x3~0|+|nor_conv_1x1~0|nor_conv_1x1~1|+|nor_conv_1x1~0|skip_connect~1|nor_conv_3x3~2|,91.55,0.7765,0.7715,0.5,0
10718,|nor_conv_3x3~0|+|none~0|avg_pool_3x3~1|+|nor_conv_1x1~0|skip_connect~1|avg_pool_3x3~2|,91.61,0.7876,0.786,0.16,0
5720,|avg_pool_3x3~0|+|nor_conv_1x1~0|none~1|+|nor_conv_3x3~0|none~1|avg_pool_3x3~2|,91.69,0.8044,0.8048,-0.04,0
3792,|nor_conv_3x3~0|+|skip_connect~0|skip_connect~1|+|none~0|none~1|skip_connect~2|,91.74,0.8473,0.8464,0.09,0
10079,|none~0|+|none~0|none~1|+|nor_conv_3x3~0|nor_conv_3x3~1|nor_conv_3x3~2|,91.76,0.8335,0.8326,0.09,0
7976,|nor_conv_1x1~0|+|nor_conv_3x3~0|skip_connect~1|+|none~0|nor_conv_1x1~1|nor_conv_3x3~2|,91.84,0.8051,0.8019,0.32,0
1701,|skip_connect~0|+|nor_conv_1x1~0|nor_conv_1x1~1|+|avg_pool_3x3~0|nor_conv_3x3~1|nor_conv_1x1~2|,91.9,0.7966,0.7969,-0.03,0
15107,|nor_conv_3x3~0|+|nor_conv_1x1~0|skip_connect~1|+|none~0|skip_connect~1|none~2|,91.91,0.8422,0.8408,0.14,0
13415,|nor_conv_1x1~0|+|nor_conv_3x3~0|nor_conv_3x3~1|+|nor_conv_1x1~0|none~1|avg_pool_3x3~2|,91.94,0.7618,0.7607,0.11,0
15054,|nor_conv_3x3~0|+|avg_pool_3x3~0|avg_pool_3x3~1|+|nor_conv_1x1~0|none~1|nor_conv_3x3~2|,92.0,0.8037,0.8008,0.29,0
9626,|none~0|+|nor_conv_3x3~0|nor_conv_3x3~1|+|none~0|nor_conv_1x1~1|skip_connect~2|,92.04,0.8332,0.8335,-0.03,0
14771,|skip_connect~0|+|nor_conv_1x1~0|nor_conv_3x3~1|+|none~0|skip_connect~1|skip_connect~2|,92.07,0.8409,0.8396,0.13,0
5627,|none~0|+|skip_connect~0|none~1|+|nor_conv_3x3~0|nor_conv_1x1~1|skip_connect~2|,92.08,0.8446,0.8434,0.12,0
9651,|avg_pool_3x3~0|+|nor_conv_3x3~0|nor_conv_1x1~1|+|nor_conv_3x3~0|avg_pool_3x3~1|nor_conv_1x1~2|,92.14,0.7713,0.7658,0.55,0
7595,|nor_conv_1x1~0|+|skip_connect~0|none~1|+|skip_connect~0|skip_connect~1|nor_conv_3x3~2|,92.16,0.8461,0.8446,0.15,0
14563,|avg_pool_3x3~0|+|nor_conv_3x3~0|nor_conv_1x1~1|+|skip_connect~0|none~1|skip_connect~2|,92.19,0.8383,0.8318,0.65,0
4507,|nor_conv_3x3~0|+|none~0|nor_conv_3x3~1|+|avg_pool_3x3~0|nor_conv_1x1~1|avg_pool_3x3~2|,92.25,0.8024,0.8015,0.09,0
3703,|nor_conv_3x3~0|+|skip_connect~0|skip_connect~1|+|avg_pool_3x3~0|none~1|nor_conv_3x3~2|,92.29,0.8081,0.8072,0.09,0
3373,|nor_conv_1x1~0|+|nor_conv_3x3~0|nor_conv_1x1~1|+|nor_conv_3x3~0|none~1|skip_connect~2|,92.3,0.8267,0.8268,-0.01,0
3093,|skip_connect~0|+|nor_conv_1x1~0|nor_conv_1x1~1|+|nor_conv_3x3~0|nor_conv_1x1~1|none~2|,92.36,0.8409,0.8401,0.08,0
12107,|nor_conv_3x3~0|+|nor_conv_3x3~0|none~1|+|avg_pool_3x3~0|skip_connect~1|nor_conv_1x1~2|,92.41,0.8281,0.8269,0.12,0
3751,|nor_conv_1x1~0|+|nor_conv_3x3~0|nor_conv_3x3~1|+|skip_connect~0|nor_conv_1x1~1|avg_pool_3x3~2|,92.45,0.8409,0.8394,0.15,0
8936,|skip_connect~0|+|none~0|skip_connect~1|+|nor_conv_3x3~0|nor_conv_3x3~1|nor_conv_1x1~2|,92.5,0.8424,0.8422,0.02,0
3365,|skip_connect~0|+|nor_conv_1x1~0|nor_conv_3x3~1|+|avg_pool_3x3~0|nor_conv_3x3~1|nor_conv_1x1~2|,92.52,0.8129,0.8097,0.32,0
7235,|nor_conv_1x1~0|+|none~0|none~1|+|nor_conv_3x3~0|nor_conv_3x3~1|none~2|,92.59,0.822,0.8237,-0.17,0
12707,|skip_connect~0|+|nor_conv_1x1~0|nor_conv_1x1~1|+|none~0|nor_conv_1x1~1|nor_conv_3x3~2|,92.62,0.8218,0.8233,-0.15,0
5623,|nor_conv_1x1~0|+|nor_conv_3x3~0|nor_conv_1x1~1|+|avg_pool_3x3~0|skip_connect~1|nor_conv_1x1~2|,92.69,0.8259,0.8255,0.04,0
12508,|nor_conv_3x3~0|+|nor_conv_1x1~0|skip_connect~1|+|skip_connect~0|nor_conv_1x1~1|avg_pool_3x3~2|,92.8,0.8513,0.8497,0.16,0
15084,|skip_connect~0|+|avg_pool_3x3~0|nor_conv_3x3~1|+|none~0|nor_conv_1x1~1|nor_conv_3x3~2|,92.85,0.8312,0.8314,-0.02,0
13180,|nor_conv_3x3~0|+|nor_conv_3x3~0|avg_pool_3x3~1|+|nor_conv_1x1~0|avg_pool_3x3~1|nor_conv_1x1~2|,92.98,0.8151,0.814,0.11,0
6835,|nor_conv_3x3~0|+|skip_connect~0|nor_conv_3x3~1|+|nor_conv_3x3~0|nor_conv_1x1~1|none~2|,93.06,0.8195,0.8181,0.14,0
11123,|nor_conv_1x1~0|+|nor_conv_3x3~0|avg_pool_3x3~1|+|skip_connect~0|avg_pool_3x3~1|nor_conv_1x1~2|,93.11,0.8484,0.8462,0.22,0
11830,|nor_conv_3x3~0|+|nor_conv_1x1~0|none~1|+|avg_pool_3x3~0|nor_conv_1x1~1|nor_conv_3x3~2|,93.25,0.8175,0.8153,0.22,0
11000,|nor_conv_3x3~0|+|nor_conv_1x1~0|none~1|+|skip_connect~0|nor_conv_1x1~1|nor_conv_1x1~2|,93.56,0.8571,0.8568,0.03,0
11174,|nor_conv_3x3~0|+|avg_pool_3x3~0|avg_pool_3x3~1|+|skip_connect~0|nor_conv_3x3~1|none~2|,93.7,0.8677,0.8662,0.15,0
